{"cameraMode":{"drawMode":0,"name":"Shaded","section":"Shading Mode"},"sceneLighting":true,"audioPlay":false,"sceneViewState":{"showFog":true,"showMaterialUpdate":false,"showSkybox":true,"showFlares":true,"showImageEffects":true,"showParticleSystems":true},"in2DMode":false,"pivot":{"x":0.9769697189331055,"y":-1.109877109527588,"z":-1.4273247718811036},"rotation":{"x":-0.0644686222076416,"y":-0.5599597692489624,"z":-0.043766289949417117,"w":0.8248499631881714},"size":-0.1716616153717041,"orthographic":false}