{"cameraMode":{"drawMode":0,"name":"Shaded","section":"Shading Mode"},"sceneLighting":true,"audioPlay":false,"sceneViewState":{"showFog":true,"showMaterialUpdate":false,"showSkybox":true,"showFlares":true,"showImageEffects":true,"showParticleSystems":true},"in2DMode":false,"pivot":{"x":0.9882403016090393,"y":3.338895320892334,"z":0.37156248092651369},"rotation":{"x":0.3805027902126312,"y":-0.06926049292087555,"z":0.028591375797986985,"w":0.9217395186424255},"size":7.869521141052246,"orthographic":false}