{"cameraMode":{"drawMode":0,"name":"Shaded","section":"Shading Mode"},"sceneLighting":true,"audioPlay":false,"sceneViewState":{"showFog":true,"showMaterialUpdate":false,"showSkybox":true,"showFlares":true,"showImageEffects":true,"showParticleSystems":true},"in2DMode":false,"pivot":{"x":-0.048828125,"y":3.0943729877471926,"z":3.390017509460449},"rotation":{"x":0.04883231967687607,"y":-0.932621419429779,"z":0.1380915343761444,"w":0.32979586720466616},"size":8.522439956665039,"orthographic":true}